{"cameraMode":{"drawMode":0,"name":"Shaded","section":"Shading Mode"},"sceneLighting":true,"audioPlay":false,"sceneViewState":{"m_AlwaysRefresh":false,"showFog":true,"showSkybox":true,"showFlares":true,"showImageEffects":true,"showParticleSystems":true,"showVisualEffectGraphs":true,"m_FxEnabled":true},"in2DMode":false,"pivot":{"x":2.832764148712158,"y":1.838173508644104,"z":2.1334381103515627},"rotation":{"x":0.04678786173462868,"y":-0.014987990260124207,"z":0.0006999679608270526,"w":0.9988099336624146},"size":10.317706108093262,"orthographic":false}