{"cameraMode":{"drawMode":0,"name":"Shaded","section":"Shading Mode"},"sceneLighting":false,"audioPlay":false,"sceneViewState":{"m_AlwaysRefresh":false,"showFog":true,"showSkybox":false,"showFlares":true,"showImageEffects":true,"showParticleSystems":true,"showVisualEffectGraphs":true,"m_FxEnabled":true},"in2DMode":false,"pivot":{"x":-3.196202516555786,"y":0.032383084297180179,"z":0.035176098346710208},"rotation":{"x":0.04678786173462868,"y":-0.014987990260124207,"z":0.0006999679608270526,"w":0.9988099336624146},"size":1.0734621286392213,"orthographic":false}